Date,Confirmed,Recovered,Deceased,Other,Tested,First Dose Administered,Second Dose Administered,Total Doses Administered
2020-03-09,1,0,0,0,0,0,0,0
2020-03-10,4,0,0,0,0,0,0,0
2020-03-11,4,0,0,0,0,0,0,0
2020-03-12,5,0,0,0,0,0,0,0
2020-03-13,6,0,1,0,0,0,0,0
2020-03-14,6,0,1,0,0,0,0,0
2020-03-15,6,0,1,0,0,0,0,0
2020-03-16,7,0,1,0,0,0,0,0
2020-03-17,11,0,1,0,0,0,0,0
2020-03-18,14,0,1,0,0,0,0,0
2020-03-19,15,0,1,0,0,0,0,0
2020-03-20,15,1,1,0,0,0,0,0
2020-03-21,20,1,1,0,0,0,0,0
2020-03-22,26,1,1,0,0,0,0,0
2020-03-23,33,1,1,0,0,0,0,0
2020-03-24,41,3,1,0,0,0,0,0
2020-03-25,51,3,1,0,0,0,0,0
2020-03-26,55,3,2,0,0,0,0,0
2020-03-27,64,5,3,0,0,0,0,0
2020-03-28,76,5,3,0,0,0,0,0
2020-03-29,83,5,3,0,0,0,0,0
2020-03-30,88,6,3,0,0,0,0,0
2020-03-31,101,8,3,0,0,0,0,0
2020-04-01,110,9,3,0,0,0,0,0
2020-04-02,124,11,3,0,0,0,0,0
2020-04-03,128,11,4,0,4587,0,0,0
2020-04-04,144,11,4,0,4587,0,0,0
2020-04-05,151,12,4,0,4587,0,0,0
2020-04-06,163,20,4,0,4587,0,0,0
2020-04-07,175,25,4,0,6580,0,0,0
2020-04-08,181,28,5,0,6967,0,0,0
2020-04-09,197,30,6,0,7613,0,0,0
2020-04-10,207,34,6,0,7975,0,0,0
2020-04-11,215,39,6,0,8560,0,0,0
2020-04-12,232,54,6,0,9251,0,0,0
2020-04-13,247,60,8,0,10017,0,0,0
2020-04-14,260,71,10,0,11107,0,0,0
2020-04-15,279,80,12,0,12483,0,0,0
2020-04-16,315,82,13,0,13724,0,0,0
2020-04-17,359,88,13,0,17594,0,0,0
2020-04-18,384,104,14,0,19186,0,0,0
2020-04-19,390,111,16,0,21367,0,0,0
2020-04-20,408,112,16,0,23460,0,0,0
2020-04-21,418,129,17,0,26233,0,0,0
2020-04-22,427,131,17,0,29512,0,0,0
2020-04-23,445,145,17,0,32122,0,0,0
2020-04-24,474,152,18,0,35958,0,0,0
2020-04-25,500,158,18,0,39083,0,0,0
2020-04-26,503,182,19,0,42964,0,0,0
2020-04-27,512,193,20,1,45685,0,0,0
2020-04-28,523,207,20,1,50512,0,0,0
2020-04-29,535,216,21,1,55404,0,0,0
2020-04-30,565,229,22,1,60156,0,0,0
2020-05-01,589,251,22,1,64898,0,0,0
2020-05-02,601,271,25,1,69730,0,0,0
2020-05-03,614,293,25,1,74898,0,0,0
2020-05-04,651,321,27,1,79193,0,0,0
2020-05-05,673,331,29,1,83806,0,0,0
2020-05-06,693,354,29,1,88777,0,0,0
2020-05-07,705,366,30,1,93535,0,0,0
2020-05-08,753,376,30,1,98081,0,0,0
2020-05-09,794,386,30,1,103098,0,0,0
2020-05-10,848,422,31,1,107311,0,0,0
2020-05-11,862,426,31,1,111595,0,0,0
2020-05-12,925,433,31,1,116533,0,0,0
2020-05-13,959,451,33,1,121178,0,0,0
2020-05-14,987,460,35,1,128373,0,0,0
2020-05-15,1056,480,36,1,133724,0,0,0
2020-05-16,1092,496,36,1,140024,0,0,0
2020-05-17,1147,509,37,1,145398,0,0,0
2020-05-18,1246,530,37,1,151663,0,0,0
2020-05-19,1395,543,40,1,158599,0,0,0
2020-05-20,1462,556,41,1,166781,0,0,0
2020-05-21,1605,571,41,1,174297,0,0,0
2020-05-22,1743,597,41,1,186526,0,0,0
2020-05-23,1959,608,42,2,196196,0,0,0
2020-05-24,2089,654,42,2,206313,0,0,0
2020-05-25,2182,705,43,3,219894,0,0,0
2020-05-26,2283,764,43,3,228914,0,0,0
2020-05-27,2418,781,46,3,241608,0,0,0
2020-05-28,2533,834,46,3,252078,0,0,0
2020-05-29,2781,894,46,4,264489,0,0,0
2020-05-30,2922,997,47,4,280217,0,0,0
2020-05-31,3221,1218,49,4,293575,0,0,0
2020-06-01,3408,1318,50,4,304816,0,0,0
2020-06-02,3796,1393,50,4,319628,0,0,0
2020-06-03,4063,1504,51,4,334825,0,0,0
2020-06-04,4320,1610,55,4,347093,0,0,0
2020-06-05,4835,1693,55,4,360720,0,0,0
2020-06-06,5213,1973,57,4,372582,0,0,0
2020-06-07,5452,2132,59,4,384442,0,0,0
2020-06-08,5760,2441,62,4,393221,0,0,0
2020-06-09,5921,2605,64,4,400257,0,0,0
2020-06-10,6041,2862,67,4,408506,0,0,0
2020-06-11,6245,2976,70,4,416506,0,0,0
2020-06-12,6516,3440,77,4,426341,0,0,0
2020-06-13,6824,3648,80,4,436518,0,0,0
2020-06-14,7000,3960,85,4,443969,0,0,0
2020-06-15,7213,4134,87,4,449331,0,0,0
2020-06-16,7530,4456,94,4,457267,0,0,0
2020-06-17,7734,4804,102,4,464798,0,0,0
2020-06-18,7944,4980,114,4,473507,0,0,0
2020-06-19,8281,5210,123,4,484060,0,0,0
2020-06-20,8697,5393,132,4,493893,0,0,0
2020-06-21,9150,5619,137,4,506765,0,0,0
2020-06-22,9399,5730,142,4,515969,0,0,0
2020-06-23,9721,6004,150,4,526538,0,0,0
2020-06-24,10118,6153,164,4,539247,0,0,0
2020-06-25,10560,6672,170,4,553325,0,0,0
2020-06-26,11005,6918,180,4,568058,0,0,0
2020-06-27,11923,7289,191,4,581635,0,0,0
2020-06-28,13190,7509,207,4,595470,0,0,0
2020-06-29,14295,7685,226,4,605159,0,0,0
2020-06-30,15242,7920,246,4,620747,0,0,0
2020-07-01,16514,8065,253,4,637417,0,0,0
2020-07-02,18016,8336,272,4,653627,0,0,0
2020-07-03,19710,8807,293,4,671934,0,0,0
2020-07-04,21549,9246,335,4,689526,0,0,0
2020-07-05,23474,9849,372,4,706425,0,0,0
2020-07-06,25317,10529,402,4,722305,0,0,0
2020-07-07,26815,11100,417,4,740047,0,0,0
2020-07-08,28877,11878,471,4,759181,0,0,0
2020-07-09,31105,12835,488,4,779209,0,0,0
2020-07-10,33418,13838,545,4,798437,0,0,0
2020-07-11,36216,14718,615,4,819024,0,0,0
2020-07-12,38843,15411,686,4,839074,0,0,0
2020-07-13,41581,16249,759,4,856148,0,0,0
2020-07-14,44077,17390,841,9,879822,0,0,0
2020-07-15,47253,18466,928,9,902026,0,0,0
2020-07-16,51422,19729,1032,9,925477,0,0,0
2020-07-17,55115,20757,1147,9,953417,0,0,0
2020-07-18,59652,21775,1240,9,982701,0,0,0
2020-07-19,63772,23065,1331,9,999530,0,0,0
2020-07-20,67420,23795,1403,9,1025420,0,0,0
2020-07-21,71069,25459,1464,9,1051976,0,0,0
2020-07-22,75833,27239,1519,9,1079749,0,0,0
2020-07-23,80863,29310,1616,9,1110497,0,0,0
2020-07-24,85870,31347,1726,9,1110497,0,0,0
2020-07-25,90942,33750,1798,9,1143262,0,0,0
2020-07-26,96141,35838,1880,9,1176827,0,0,0
2020-07-27,101465,37685,1955,9,1205051,0,0,0
2020-07-28,107001,40504,2057,9,1242771,0,0,0
2020-07-29,112504,42901,2147,9,1275761,0,0,0
2020-07-30,118632,46694,2230,9,1313856,0,0,0
2020-07-31,124115,49788,2314,9,1350792,0,0,0
2020-08-01,129287,53648,2412,9,1385552,0,0,0
2020-08-02,134819,57725,2496,9,1418569,0,0,0
2020-08-03,139571,62500,2594,9,1446558,0,0,0
2020-08-04,145830,69272,2704,9,1489016,0,0,0
2020-08-05,151449,74679,2804,9,1532654,0,0,0
2020-08-06,158254,80281,2897,9,1581075,0,0,0
2020-08-07,164924,84232,2997,8,1624628,0,0,0
2020-08-08,172102,89238,3090,8,1668511,0,0,0
2020-08-09,178087,93908,3197,8,1706447,0,0,0
2020-08-10,182354,99126,3311,8,1729067,0,0,0
2020-08-11,188611,105599,3397,8,1772991,0,0,0
2020-08-12,196494,112633,3510,8,1826317,0,0,0
2020-08-13,203200,121242,3613,8,1882316,0,0,0
2020-08-14,211108,128182,3717,8,1938954,0,0,0
2020-08-15,219926,134811,3831,8,1993760,0,0,0
2020-08-16,226966,141491,3947,16,2037386,0,0,0
2020-08-17,233283,148562,4062,16,2075086,0,0,0
2020-08-18,240948,156949,4201,16,2134174,0,0,0
2020-08-19,249590,164150,4327,16,2197259,0,0,0
2020-08-20,256975,170381,4429,16,2256862,0,0,0
2020-08-21,264546,176942,4522,16,2314485,0,0,0
2020-08-22,271876,184568,4615,16,2373103,0,0,0
2020-08-23,277814,189564,4683,16,2413951,0,0,0
2020-08-24,283665,197625,4810,19,2453768,0,0,0
2020-08-25,291826,204439,4958,19,2513555,0,0,0
2020-08-26,300406,211688,5091,19,2580621,0,0,0
2020-08-27,309792,219554,5232,19,2648808,0,0,0
2020-08-28,318752,227018,5368,19,2713034,0,0,0
2020-08-29,327076,235128,5483,19,2785718,0,0,0
2020-08-30,335928,242229,5589,19,2852675,0,0,0
2020-08-31,342423,249467,5702,19,2895807,0,0,0
2020-09-01,351481,254626,5837,19,2979477,0,0,0
2020-09-02,361341,260913,5950,19,3052794,0,0,0
2020-09-03,370206,268035,6054,19,3123918,0,0,0
2020-09-04,379486,274196,6170,19,3197110,0,0,0
2020-09-05,389232,283298,6298,19,3273871,0,0,0
2020-09-06,398551,292873,6393,19,3348255,0,0,0
2020-09-07,404324,300770,6534,19,3393676,0,0,0
2020-09-08,412190,308573,6680,19,3461119,0,0,0
2020-09-09,421730,315433,6808,19,3531441,0,0,0
2020-09-10,430947,322454,6937,19,3586150,0,0,0
2020-09-11,440411,334999,7067,19,3650819,0,0,0
2020-09-12,449551,344556,7161,19,3714402,0,0,0
2020-09-13,459445,352958,7265,19,3800976,0,0,0
2020-09-14,467689,361823,7384,19,3846937,0,0,0
2020-09-15,475265,369229,7481,19,3915302,0,0,0
2020-09-16,484990,375809,7536,19,3986283,0,0,0
2020-09-17,494356,383077,7629,19,4058313,0,0,0
2020-09-18,502982,394026,7808,19,4115783,0,0,0
2020-09-19,511346,404841,7922,19,4179567,0,0,0
2020-09-20,519537,413452,8023,19,4240044,0,0,0
2020-09-21,526876,423377,8145,19,4282735,0,0,0
2020-09-22,533850,432450,8228,19,4338442,0,0,0
2020-09-23,540847,437910,8266,19,4394840,0,0,0
2020-09-24,548557,444658,8331,19,4459004,0,0,0
2020-09-25,557212,450302,8417,19,4518923,0,0,0
2020-09-26,566023,455719,8503,19,4586780,0,0,0
2020-09-27,575566,462241,8582,19,4659860,0,0,0
2020-09-28,582458,469750,8641,19,4718722,0,0,0
2020-09-29,592911,476378,8777,19,4806197,0,0,0
2020-09-30,601767,485268,8864,19,4901083,0,0,0
2020-10-01,611837,492412,8994,19,4997671,0,0,0
2020-10-02,620630,499506,9119,19,5089730,0,0,0
2020-10-03,630516,508495,9219,19,5174652,0,0,0
2020-10-04,640661,515782,9286,19,5260160,0,0,0
2020-10-05,647712,522846,9370,19,5327463,0,0,0
2020-10-06,657705,533074,9461,19,5419954,0,0,0
2020-10-07,668652,542906,9574,19,5524302,0,0,0
2020-10-08,679356,552519,9675,19,5629550,0,0,0
2020-10-09,690269,561610,9789,19,5739530,0,0,0
2020-10-10,700786,569947,9891,19,5852300,0,0,0
2020-10-11,710309,580054,9966,19,5952223,0,0,0
2020-10-12,717915,592084,10036,19,6030980,0,0,0
2020-10-13,726106,602505,10123,19,6137221,0,0,0
2020-10-14,735371,611167,10198,19,6250992,0,0,0
2020-10-15,743848,620008,10283,19,6355809,0,0,0
2020-10-16,751390,628588,10356,19,6461694,0,0,0
2020-10-17,758574,637481,10427,19,6562710,0,0,0
2020-10-18,765586,645825,10478,19,6667777,0,0,0
2020-10-19,770604,653829,10542,19,6746358,0,0,0
2020-10-20,776901,662329,10608,19,6844594,0,0,0
2020-10-21,782773,671618,10696,19,6952835,0,0,0
2020-10-22,788551,684835,10770,19,7060189,0,0,0
2020-10-23,793907,693584,10821,19,7168545,0,0,0
2020-10-24,798378,700737,10873,19,7281090,0,0,0
2020-10-25,802817,710843,10905,19,7381601,0,0,0
2020-10-26,805947,719558,10947,19,7447493,0,0,0
2020-10-27,809638,727298,10991,19,7514194,0,0,0
2020-10-28,812784,733558,11046,19,7600348,0,0,0
2020-10-29,816809,741219,11091,19,7701031,0,0,0
2020-10-30,820398,749740,11140,19,7804312,0,0,0
2020-10-31,823412,757208,11168,19,7905868,0,0,0
2020-11-01,827064,765261,11192,19,8012641,0,0,0
2020-11-02,829640,773595,11221,19,8091137,0,0,0
2020-11-03,832396,780735,11247,19,8185676,0,0,0
2020-11-04,835773,788780,11281,19,8288179,0,0,0
2020-11-05,838929,794503,11312,19,8404516,0,0,0
2020-11-06,841889,797204,11347,19,8514653,0,0,0
2020-11-07,844147,799439,11369,19,8620970,0,0,0
2020-11-08,846887,801799,11391,19,8738226,0,0,0
2020-11-09,848850,804485,11410,19,8823191,0,0,0
2020-11-10,851212,808700,11430,19,8932699,0,0,0
2020-11-11,853796,811581,11453,19,9043217,0,0,0
2020-11-12,855912,814949,11474,19,9158603,0,0,0
2020-11-13,857928,818392,11491,19,9276602,0,0,0
2020-11-14,860082,820590,11508,19,9392474,0,0,0
2020-11-15,861647,822953,11529,19,9492080,0,0,0
2020-11-16,862804,825141,11541,19,9568625,0,0,0
2020-11-17,864140,827241,11557,19,9644009,0,0,0
2020-11-18,865931,829188,11578,19,9741051,0,0,0
2020-11-19,867780,830988,11604,19,9859525,0,0,0
2020-11-20,869561,833169,11621,19,9981137,0,0,0
2020-11-21,871342,834968,11641,19,10106474,0,0,0
2020-11-22,873046,836505,11654,19,10233378,0,0,0
2020-11-23,874555,838150,11678,19,10329473,0,0,0
2020-11-24,876425,840099,11695,19,10447705,0,0,0
2020-11-25,878055,841432,11714,19,10570159,0,0,0
2020-11-26,879560,842499,11726,19,10690557,0,0,0
2020-11-27,881086,843950,11738,19,10804148,0,0,0
2020-11-28,882608,846082,11750,19,10914872,0,0,0
2020-11-29,883899,847612,11765,19,11020300,0,0,0
2020-11-30,884897,849821,11778,19,11101633,0,0,0
2020-12-01,886227,850707,11792,19,11197240,0,0,0
2020-12-02,887667,851690,11808,19,11303158,0,0,0
2020-12-03,889113,852584,11821,19,11411843,0,0,0
2020-12-04,890360,853461,11834,19,11509892,0,0,0
2020-12-05,891685,854861,11846,19,11613924,0,0,0
2020-12-06,893006,855750,11856,19,11713244,0,0,0
2020-12-07,894004,857351,11867,19,11789715,0,0,0
2020-12-08,895284,858370,11880,19,11878413,0,0,0
2020-12-09,896563,861588,11900,19,11979471,0,0,0
2020-12-10,897801,866664,11912,19,12063741,0,0,0
2020-12-11,899011,868471,11928,19,12164587,0,0,0
2020-12-12,900214,870002,11939,19,12266816,0,0,0
2020-12-13,901410,872038,11944,19,12355358,0,0,0
2020-12-14,902240,874202,11954,19,12420213,0,0,0
2020-12-15,903425,875796,11965,19,12509743,0,0,0
2020-12-16,904665,877199,11971,19,12611493,0,0,0
2020-12-17,905901,878696,11981,19,12717849,0,0,0
2020-12-18,907123,879735,11989,19,12822390,0,0,0
2020-12-19,908275,881882,12004,19,12937540,0,0,0
2020-12-20,909469,882944,12009,19,13047768,0,0,0
2020-12-21,910241,884205,12016,19,13121419,0,0,0
2020-12-22,911382,885341,12029,19,13217127,0,0,0
2020-12-23,912340,886547,12038,19,13317070,0,0,0
2020-12-24,913483,887815,12039,19,13415794,0,0,0
2020-12-25,914488,888917,12044,19,13514362,0,0,0
2020-12-26,915345,889881,12051,19,13609914,0,0,0
2020-12-27,916256,891095,12062,19,13704709,0,0,0
2020-12-28,916909,892273,12070,19,13772451,0,0,0
2020-12-29,917571,893617,12074,19,13858850,0,0,0
2020-12-30,918544,894834,12081,19,13962707,0,0,0
2020-12-31,919496,896116,12090,19,14078158,0,0,0
2021-01-01,920373,897200,12096,19,14196065,0,0,0
2021-01-02,921128,898176,12099,19,14310188,0,0,0
2021-01-03,921938,898919,12107,19,14432085,0,0,0
2021-01-04,922538,900202,12110,19,14531251,0,0,0
2021-01-05,923353,901579,12118,19,14654318,0,0,0
2021-01-06,924137,902817,12124,19,14788491,0,0,0
2021-01-07,924898,903629,12131,19,14918254,0,0,0
2021-01-08,925868,904286,12134,19,15050771,0,0,0
2021-01-09,926767,905158,12138,19,15175037,0,0,0
2021-01-10,927559,905751,12140,19,15288243,0,0,0
2021-01-11,928055,906548,12144,19,15375146,0,0,0
2021-01-12,928806,907729,12149,19,15485359,0,0,0
2021-01-13,929552,908494,12152,19,15598874,0,0,0
2021-01-14,929960,909058,12155,19,15705129,0,0,0
2021-01-15,930668,909701,12158,19,15789978,0,0,0
2021-01-16,931252,910377,12162,19,15884994,13594,0,13594
2021-01-17,931997,911232,12166,19,15983473,0,0,0
2021-01-18,932432,912205,12175,19,16052738,66392,0,66392
2021-01-19,933077,913012,12181,19,16133663,80686,0,80686
2021-01-20,933578,913677,12185,19,16217753,121466,0,121466
2021-01-21,934252,914492,12187,19,16306608,138807,0,138807
2021-01-22,934576,915382,12190,19,16399189,184699,0,184699
2021-01-23,935478,915924,12193,19,16485599,188971,0,188971
2021-01-24,936051,916325,12197,19,16566713,191449,0,191449
2021-01-25,936426,917361,12200,19,16626140,231172,0,231172
2021-01-26,936955,918099,12204,19,16691703,231607,0,231607
2021-01-27,937383,918859,12207,19,16750398,267811,0,267811
2021-01-28,937933,919503,12209,19,16816459,286089,0,286089
2021-01-29,938401,920110,12211,19,16884991,307891,0,307891
2021-01-30,938865,920657,12213,19,16958479,315370,0,315370
2021-01-31,939387,921122,12217,19,17033930,315370,0,315370
2021-02-01,939775,921592,12220,19,17087246,316228,0,316228
2021-02-02,940170,922004,12223,19,17147397,316368,0,316368
2021-02-03,940596,922437,12225,19,17218163,316638,0,316638
2021-02-04,941070,922907,12227,19,17294005,330112,0,330112
2021-02-05,941500,923377,12230,19,17368124,360592,0,360592
2021-02-06,942031,923811,12233,19,17442715,386186,0,386186
2021-02-07,942518,924304,12236,19,17516945,388769,0,388769
2021-02-08,942846,924654,12239,19,17565234,415403,0,415403
2021-02-09,943212,925167,12241,19,17625719,441692,0,441692
2021-02-10,943627,925489,12244,19,17691918,464485,0,464485
2021-02-11,944057,925829,12251,19,17760112,477005,0,477005
2021-02-12,944437,926234,12259,19,17829105,491552,0,491552
2021-02-13,944856,926664,12263,19,17895155,496159,0,496159
2021-02-14,945270,927150,12265,19,17956031,496234,0,496234
2021-02-15,945638,927580,12267,19,17998276,500491,11985,512476
2021-02-16,946076,927924,12273,19,18045304,505157,28901,534058
2021-02-17,946454,928461,12276,19,18099928,510696,54397,565093
2021-02-18,946860,928767,12282,19,18159563,519158,63533,582691
2021-02-19,947246,929058,12287,19,18221003,529968,99452,629420
2021-02-20,947736,929447,12292,19,18279393,540868,113430,654298
2021-02-21,948149,929800,12294,19,18334627,541332,114043,655375
2021-02-22,948466,930087,12299,19,18380495,553888,140076,693964
2021-02-23,948849,930465,12303,19,18431322,569416,157944,727360
2021-02-24,949183,930778,12309,19,18494364,586545,179124,765669
2021-02-25,949636,931725,12316,19,18562530,596274,192934,789208
2021-02-26,950207,932367,12320,19,18639329,604954,213768,818722
2021-02-27,950730,932747,12326,19,18712761,604954,213768,818722
2021-02-28,951251,933097,12331,19,18796775,604954,213768,818722
2021-03-01,951600,933421,12336,19,18856902,608840,214820,823660
2021-03-02,952037,933730,12343,19,18921149,619620,216730,836350
2021-03-03,952565,934143,12346,19,18989488,637890,219212,857102
2021-03-04,953136,934639,12350,19,19068106,656627,222409,879036
2021-03-05,953813,935066,12354,19,19146913,681345,228257,909602
2021-03-06,954393,935421,12359,19,19229142,703891,235607,939498
2021-03-07,955015,935772,12362,19,19305102,704249,235677,939926
2021-03-08,955451,936250,12367,19,19361547,760524,252671,1013195
2021-03-09,956041,936616,12373,19,19427973,806664,264374,1071038
2021-03-10,956801,936947,12379,19,19498106,882327,281517,1163844
2021-03-11,957584,937353,12381,19,19571207,899482,284476,1183958
2021-03-12,958417,937898,12386,19,19644839,999834,300328,1300162
2021-03-13,959338,938890,12387,19,19717489,1051003,306059,1357062
2021-03-14,960272,939499,12390,19,19790597,1066365,306859,1373224
2021-03-15,961204,939928,12397,19,19852955,1239819,319712,1559531
2021-03-16,962339,940489,12403,19,19921424,1347078,329222,1676300
2021-03-17,963614,940968,12407,19,20008072,1585066,342180,1927246
2021-03-18,965102,941309,12415,19,20101442,1676985,349242,2026227
2021-03-19,966689,942178,12425,19,20193326,1923165,361034,2284199
2021-03-20,968487,943208,12432,19,20287369,2109425,371724,2481149
2021-03-21,970202,944256,12434,19,20389209,2129706,372403,2502109
2021-03-22,971647,944917,12444,19,20467387,2347603,382853,2730456
2021-03-23,973657,945594,12449,19,20566120,2456114,390230,2846344
2021-03-24,975955,946589,12461,19,20674133,2631127,398417,3029544
2021-03-25,978478,947781,12471,19,20782529,2721173,402779,3123952
2021-03-26,981044,948988,12484,19,20894800,2875521,410308,3285829
2021-03-27,983930,950167,12492,19,21002216,2985601,415016,3400617
2021-03-28,987012,951452,12504,19,21108544,3000838,415341,3416179
2021-03-29,989804,953416,12520,19,21195741,3130801,421237,3552038
2021-03-30,992779,954678,12541,19,21302658,3242113,427360,3669473
2021-03-31,997004,956170,12567,19,21411226,3374768,436239,3811007
2021-04-01,1001238,957769,12585,19,21526958,3505736,441200,3946936
2021-04-02,1006229,959400,12591,19,21645891,3823255,474839,4298094
2021-04-03,1010602,961359,12610,19,21769721,4007374,481282,4488656
2021-04-04,1015155,963419,12625,19,21889602,4123367,484817,4608184
2021-04-05,1020434,965275,12657,19,21987431,4330730,493047,4823777
2021-04-06,1026584,968762,12696,19,22089452,4496243,501678,4997921
2021-04-07,1033560,971556,12731,19,22214842,4717382,513260,5230642
2021-04-08,1040130,973949,12767,19,22323599,4936828,526946,5463774
2021-04-09,1048085,977169,12813,19,22458762,5242211,546969,5789180
2021-04-10,1055040,980519,12849,19,22557552,5502677,564422,6067099
2021-04-11,1065290,983157,12889,19,22690258,5636466,572558,6209024
2021-04-12,1074869,985924,12941,19,22806423,5814171,593154,6407325
2021-04-13,1083647,992003,13008,19,22928322,5848203,598274,6446477
2021-04-14,1094912,996367,13046,19,23041564,5935232,615192,6550424
2021-04-15,1109650,999958,13112,19,23170964,6061565,643466,6705031
2021-04-16,1124509,1003985,13190,19,23304701,6226678,683721,6910399
2021-04-17,1141998,1009549,13270,19,23448009,6449748,742880,7192628
2021-04-18,1161065,1014152,13351,19,23593654,6532579,764192,7296771
2021-04-19,1176850,1021250,13497,19,23716866,6711272,832053,7543325
2021-04-20,1198644,1025821,13646,19,23864354,6871674,897320,7768994
2021-04-21,1222202,1032233,13762,19,24016635,7005121,953124,7958245
2021-04-22,1247997,1037857,13885,19,24179169,7159742,1031310,8191052
2021-04-23,1274959,1046554,14075,19,24356635,7334507,1112415,8446922
2021-04-24,1304397,1055612,14283,19,24546248,7439084,1153774,8592858
2021-04-25,1339201,1062594,14426,19,24722862,7495249,1178345,8673594
2021-04-26,1368945,1073257,14627,19,24889269,7632148,1260560,8892708
2021-04-27,1400775,1084050,14807,19,25059385,7751009,1337464,9088473
2021-04-28,1439822,1095883,15036,19,25231382,7864810,1412734,9277544
2021-04-29,1474846,1110025,15306,19,25407198,7940789,1459600,9400389
2021-04-30,1523142,1124909,15523,20,25596991,8091599,1551873,9643472
2021-05-01,1564132,1143250,15794,20,25774973,8182326,1599857,9782183
2021-05-02,1601865,1164398,16011,20,25933338,8204633,1612764,9817397
2021-05-03,1646303,1185299,16250,20,26082428,8245108,1647241,9892349
2021-05-04,1690934,1210013,16538,20,26236135,8274897,1673434,9948331
2021-05-05,1741046,1236854,16884,20,26391359,8347732,1763750,10111482
2021-05-06,1790104,1255797,17212,20,26555800,8406980,1845420,10252400
2021-05-07,1838885,1284420,17804,20,26714702,8443913,1922619,10366532
2021-05-08,1886448,1319301,18286,20,26871729,8469643,2018208,10487851
2021-05-09,1934378,1351097,18776,20,27018220,8477264,2049657,10526921
2021-05-10,1973683,1383285,19372,20,27142330,8500925,2129813,10630738
2021-05-11,2013193,1405869,19852,20,27258568,8550656,2241042,10791698
2021-05-12,2053191,1440621,20368,20,27393360,8599750,2305369,10905119
2021-05-13,2088488,1474678,20712,20,27521028,8644671,2349633,10994304
2021-05-14,2130267,1510557,21085,20,27648133,8659073,2406768,11065841
2021-05-15,2171931,1544982,21434,21,27766478,8677725,2491720,11169445
2021-05-16,2203462,1581457,21837,21,27879697,8691217,2500492,11191709
2021-05-17,2242065,1616092,22313,21,27976933,8759169,2521102,11280271
2021-05-18,2272374,1674487,22838,21,28070180,8828574,2532660,11361234
2021-05-19,2306655,1724438,23306,21,28199718,8896780,2546400,11443180
2021-05-20,2335524,1776695,23854,21,28320429,9227485,2571677,11799162
2021-05-21,2367742,1829276,24207,21,28453442,9301288,2600983,11902271
2021-05-22,2398925,1891042,24658,21,28582203,9398118,2615897,12014015
2021-05-23,2424904,1926615,25282,21,28707320,9468279,2620370,12088649
2021-05-24,2450215,1983948,25811,21,28816043,9611607,2631866,12243473
2021-05-25,2472973,2022172,26399,21,28923718,9748053,2641136,12389189
2021-05-26,2499784,2062910,26929,21,29061302,9938507,2651330,12589837
2021-05-27,2523998,2094369,27405,21,29198945,10151884,2669729,12821613
2021-05-28,2546821,2146621,27806,21,29339728,10390751,2698966,13089717
2021-05-29,2567449,2189064,28298,21,29475822,10621578,2720968,13342546
2021-05-30,2587827,2217117,28679,21,29614631,10703028,2730250,13433278
2021-05-31,2604431,2261590,29090,21,29736960,10924013,2753565,13677578
2021-06-01,2618735,2290861,29554,21,29853184,11125563,2772995,13898558
2021-06-02,2635122,2312060,30017,21,29999107,11351062,2790867,14141929
2021-06-03,2653446,2336096,30531,21,30149275,11592270,2810673,14402943
2021-06-04,2669514,2358412,30895,21,30299885,11889838,2835591,14725429
2021-06-05,2683314,2383758,31260,21,30442176,12190088,2861821,15051909
2021-06-06,2695523,2409417,31580,21,30600450,12314441,2869463,15183904
2021-06-07,2707481,2436716,31920,21,30732003,12587116,2891221,15478337
2021-06-08,2717289,2460165,32099,21,30862227,12815591,2911240,15726831
2021-06-09,2728248,2480411,32291,21,31026189,13045252,2933353,15978605
2021-06-10,2739290,2496132,32485,21,31193920,13275211,2953042,16228253
2021-06-11,2747539,2511105,32644,21,31363615,13571091,2979262,16550353
2021-06-12,2757324,2532719,32788,21,31511642,13846875,3005323,16852198
2021-06-13,2765134,2551365,32913,21,31641259,13943769,3011942,16955711
2021-06-14,2771969,2566774,33033,21,31791001,14202383,3040727,17243110
2021-06-15,2777010,2581559,33148,21,31923601,14382774,3068222,17450996
2021-06-16,2784355,2599472,33296,21,32092313,14554319,3098446,17652765
2021-06-17,2790338,2610157,33434,21,32250755,14723311,3124342,17847653
2021-06-18,2796121,2625447,33602,22,32393253,14912838,3155782,18068620
2021-06-19,2801936,2637279,33763,22,32565018,15180562,3211747,18392309
2021-06-20,2806453,2645735,33883,22,32739539,15257540,3225145,18482685
2021-06-21,2811320,2654139,34025,22,32889270,16299541,3308324,19607865
2021-06-22,2815029,2662250,34164,23,33018369,16692301,3345137,20037438
2021-06-23,2819465,2668705,34287,23,33189023,17100083,3377106,20477189
2021-06-24,2823444,2678473,34425,23,33350310,17456601,3417534,20874135
2021-06-25,2826754,2684997,34539,23,33508382,17865449,3476929,21342378
2021-06-26,2831026,2691123,34654,23,33673392,18089449,3533238,21622687
2021-06-27,2834630,2698822,34743,23,33838028,18196699,3554331,21751030
2021-06-28,2837206,2704755,34836,23,33971945,18564563,3639500,22204063
2021-06-29,2840428,2719479,34929,23,34098615,18787645,3683593,22471238
2021-06-30,2843810,2732242,35040,23,34269727,18973266,3739413,22712679
2021-07-01,2847013,2746544,35134,23,34425805,19125071,3787022,22912093
2021-07-02,2849997,2760881,35222,23,34580906,19293718,3858937,23152655
2021-07-03,2852079,2768632,35308,23,34735561,19602490,4037786,23640276
2021-07-04,2853643,2773407,35367,23,34888644,19704272,4086710,23790982
2021-07-05,2856491,2779038,35434,23,35035219,19966595,4219905,24186500
2021-07-06,2859595,2784030,35526,23,35152131,20170366,4307475,24477841
2021-07-07,2862338,2787111,35601,23,35318762,20355148,4384445,24739593
2021-07-08,2864868,2790453,35663,23,35476314,20494925,4447263,24942188
2021-07-09,2867158,2793498,35731,23,35630054,20709400,4567725,25277125
2021-07-10,2869320,2796377,35779,23,35775720,20854334,4664767,25519101
2021-07-11,2871298,2798703,35835,23,35934618,20921191,4703519,25624710
2021-07-12,2872684,2801907,35896,23,36044017,21087588,4795478,25883066
2021-07-13,2874597,2804396,35944,23,36168611,21365071,4846702,26211773
2021-07-14,2876587,2806933,35989,23,36293105,21531799,4953534,26485333
2021-07-15,2878564,2810121,36037,23,36431379,21610036,5004572,26614608
2021-07-16,2880370,2812869,36079,23,36584287,21741980,5109400,26851380
2021-07-17,2882239,2816013,36121,23,36727143,21951515,5260196,27211711
2021-07-18,2883947,2818476,36157,23,36883707,22018866,5305571,27324437
2021-07-19,2885238,2821491,36197,23,37019681,22188552,5408325,27596877
2021-07-20,2886702,2824197,36226,23,37133137,22305056,5475128,27780184
2021-07-21,2888341,2826411,36262,23,37285851,22399673,5557994,27957667
2021-07-22,2889994,2828983,36293,23,37426194,22570999,5677694,28248693
2021-07-23,2891699,2831226,36323,23,37551620,22756318,5803394,28559712
2021-07-24,2893556,2833276,36352,23,37705035,22886272,5902621,28788893
2021-07-25,2894557,2834741,36374,23,37852023,22942288,5944413,28886701
2021-07-26,2896163,2836678,36405,23,37966095,23074120,6051663,29125783
2021-07-27,2897664,2838717,36437,23,38068589,23245158,6173347,29418505
2021-07-28,2899195,2840147,36456,23,38216908,23352332,6244511,29596843
2021-07-29,2901247,2841479,36491,24,38365769,23430814,6295325,29726139
2021-07-30,2903137,2843110,36525,24,38510966,23624164,6406425,30030589
2021-07-31,2905124,2844742,36562,24,38649498,23996153,6535671,30531824
2021-08-01,2906999,2846244,36587,24,38804546,24088034,6577674,30665708
2021-08-02,2908284,2847627,36612,24,38937576,24598271,6817379,31415650
2021-08-03,2909958,2849003,36650,25,39058597,24794539,6901931,31696470
2021-08-04,2911727,2850717,36680,25,39228008,24961662,6996807,31958469
2021-08-05,2913512,2852368,36705,25,39389670,25063401,7065860,32129261
2021-08-06,2915317,2854222,36741,26,39552008,25190326,7159957,32350283
2021-08-07,2916927,2855862,36773,26,39699877,25473050,7297493,32770543
2021-08-08,2918525,2857776,36793,26,39846323,25591995,7335688,32927683
2021-08-09,2919711,2859552,36817,26,39978515,25860894,7437119,33298013
2021-08-10,2921049,2861499,36848,26,40104915,26000864,7509346,33510210
2021-08-11,2922875,2863117,36881,26,40272152,26188737,7609863,33798600
2021-08-12,2924732,2865067,36911,26,40433427,26266430,7663080,33929510
2021-08-13,2926401,2866739,36933,26,40602759,26400151,7733120,34133271
2021-08-14,2928033,2868351,36958,26,40758748,26663230,7837574,34500804
2021-08-15,2929464,2869962,36979,26,40911515,26771563,7875704,34647267
2021-08-16,2930529,2871448,37007,26,41025095,27095155,8003093,35098248
2021-08-17,2931827,2873281,37039,26,41153364,27353315,8119278,35472593
2021-08-18,2933192,2874839,37061,26,41332380,27569841,8220641,35790482
2021-08-19,2934624,2876377,37088,26,41509357,27752732,8326627,36079359
2021-08-20,2936077,2877785,37105,26,41682357,27892769,8387393,36280162
2021-08-21,2937427,2879433,37123,26,41839866,28187251,8572110,36759361
2021-08-22,2938616,2880889,37145,26,41965024,28316291,8646776,36963067
2021-08-23,2939767,2882331,37155,26,42071388,28701547,8835665,37537212
2021-08-24,2941026,2884032,37184,26,42262303,28941955,8978770,37920725
2021-08-25,2942250,2885700,37206,26,42458269,29293552,9156983,38450535
2021-08-26,2943463,2886906,37231,26,42645456,29593337,9315953,38909290
2021-08-27,2944764,2888520,37248,26,42832356,30368142,9660804,40028946
2021-08-28,2945993,2889809,37261,26,43015998,0,0,0
2021-08-29,2947255,2891193,37278,26,43194662,31045670,10001488,41047158
2021-08-30,2948228,2892517,37293,26,43345881,31582267,10191366,41773633
2021-08-31,2949445,2893715,37318,26,43474538,32054742,10361122,42415864
2021-09-01,2950604,2894827,37339,26,43649857,32967487,10680452,43647939
2021-09-02,2951844,2896079,37361,26,43815243,33231681,10811850,44043531
2021-09-03,2953064,2897254,37380,26,43994470,33442347,10967475,44409822
2021-09-04,2954047,2898874,37401,26,44153718,33637174,11157883,44795057
2021-09-05,2955164,2900228,37409,26,44310620,33749856,11250704,45000560
2021-09-06,2956137,2901299,37426,26,44449710,34167026,11491703,45658729
2021-09-07,2956988,2902089,37441,26,44568501,34436659,11662618,46099277
2021-09-08,2958090,2903547,37458,27,44738122,34904099,11951707,46855806
2021-09-09,2959164,2904683,37462,27,44907570,35031340,12059283,47090623
2021-09-10,2960131,2905604,37472,27,45075249,35061622,12092242,47153864
2021-09-11,2960932,2906746,37487,27,45194752,35196111,12249521,47445632
2021-09-12,2961735,2907548,37504,27,45294928,35233188,12295658,47528846
2021-09-13,2962408,2908622,37517,28,45413942,35402071,12495692,47897763
2021-09-14,2962967,2909656,37529,28,45519587,35544380,12672118,48216498
2021-09-15,2964083,2910626,37537,28,45689893,35624096,12780026,48404122
2021-09-16,2965191,2911434,37555,28,45855899,35655006,12832683,48487689
2021-09-17,2966194,2912633,37573,28,46004395,37244338,14331994,51576332
2021-09-18,2967083,2913713,37587,28,46143315,37378105,14534679,51912784
2021-09-19,2967866,2914852,37603,28,46273189,37414550,14588418,52002968
